KODE_INSTANSI;NAMA_INSTANSI;TINGKAT;NAMA_FORMASI;JENJANG
KL-KEMENKEU;Kementerian Keuangan;pusat;;
KL-KEMENDAGRI;Kementerian Dalam Negeri;pusat;;
KL-KEMENHUB;Kementerian Perhubungan;pusat;;
KL-KEMENHUKUM;Kementerian Hukum;pusat;;
KL-IMIPAS;Kementerian Imigrasi dan Pemasyarakatan;pusat;;
KL-BPS;Badan Pusat Statistik;pusat;;
KL-BMKG;Badan Meteorologi, Klimatologi, dan Geofisika;pusat;;
KL-BIN;Badan Intelijen Negara;pusat;;
KL-BSSN;Badan Siber dan Sandi Negara;pusat;;
PEMPROV-ACEH;Pemerintah Provinsi Aceh;daerah;;
PEMKAB-KABACEHBARAT;Pemerintah Kabupaten Aceh Barat;daerah;;
PEMKAB-KABACEHBARATDAYA;Pemerintah Kabupaten Aceh Barat Daya;daerah;;
PEMKAB-KABACEHBESAR;Pemerintah Kabupaten Aceh Besar;daerah;;
PEMKAB-KABACEHJAYA;Pemerintah Kabupaten Aceh Jaya;daerah;;
PEMKAB-KABACEHSELATAN;Pemerintah Kabupaten Aceh Selatan;daerah;;
PEMKAB-KABACEHSINGKIL;Pemerintah Kabupaten Aceh Singkil;daerah;;
PEMKAB-KABACEHTAMIANG;Pemerintah Kabupaten Aceh Tamiang;daerah;;
PEMKAB-KABACEHTENGAH;Pemerintah Kabupaten Aceh Tengah;daerah;;
PEMKAB-KABACEHTENGGARA;Pemerintah Kabupaten Aceh Tenggara;daerah;;
PEMKAB-KABACEHTIMUR;Pemerintah Kabupaten Aceh Timur;daerah;;
PEMKAB-KABACEHUTARA;Pemerintah Kabupaten Aceh Utara;daerah;;
PEMKAB-KABBENERMERIAH;Pemerintah Kabupaten Bener Meriah;daerah;;
PEMKAB-KABBIREUEN;Pemerintah Kabupaten Bireuen;daerah;;
PEMKAB-KABGAYOLUES;Pemerintah Kabupaten Gayo Lues;daerah;;
PEMKAB-KABNAGANRAYA;Pemerintah Kabupaten Nagan Raya;daerah;;
PEMKAB-KABPIDIE;Pemerintah Kabupaten Pidie;daerah;;
PEMKAB-KABPIDIEJAYA;Pemerintah Kabupaten Pidie Jaya;daerah;;
PEMKAB-KABSIMEULUE;Pemerintah Kabupaten Simeulue;daerah;;
PEMKOT-KOTABANDAACEH;Pemerintah Kota Banda Aceh;daerah;;
PEMKOT-KOTALANGSA;Pemerintah Kota Langsa;daerah;;
PEMKOT-KOTALHOKSEUMAWE;Pemerintah Kota Lhokseumawe;daerah;;
PEMKOT-KOTASABANG;Pemerintah Kota Sabang;daerah;;
PEMKOT-KOTASUBULUSSALAM;Pemerintah Kota Subulussalam;daerah;;
PEMPROV-BALI;Pemerintah Provinsi Bali;daerah;;
PEMKAB-KABBADUNG;Pemerintah Kabupaten Badung;daerah;;
PEMKAB-KABBANGLI;Pemerintah Kabupaten Bangli;daerah;;
PEMKAB-KABBULELENG;Pemerintah Kabupaten Buleleng;daerah;;
PEMKAB-KABGIANYAR;Pemerintah Kabupaten Gianyar;daerah;;
PEMKAB-KABJEMBRANA;Pemerintah Kabupaten Jembrana;daerah;;
PEMKAB-KABKARANGASEM;Pemerintah Kabupaten Karang Asem;daerah;;
PEMKAB-KABKLUNGKUNG;Pemerintah Kabupaten Klungkung;daerah;;
PEMKAB-KABTABANAN;Pemerintah Kabupaten Tabanan;daerah;;
PEMKOT-KOTADENPASAR;Pemerintah Kota Denpasar;daerah;;
PEMPROV-BANTEN;Pemerintah Provinsi Banten;daerah;;
PEMKAB-KABLEBAK;Pemerintah Kabupaten Lebak;daerah;;
PEMKAB-KABPANDEGLANG;Pemerintah Kabupaten Pandeglang;daerah;;
PEMKAB-KABSERANG;Pemerintah Kabupaten Serang;daerah;;
PEMKAB-KABTANGERANG;Pemerintah Kabupaten Tangerang;daerah;;
PEMKOT-KOTACILEGON;Pemerintah Kota Cilegon;daerah;;
PEMKOT-KOTASERANG;Pemerintah Kota Serang;daerah;;
PEMKOT-KOTATANGERANG;Pemerintah Kota Tangerang;daerah;;
PEMKOT-KOTATANGERANGSELATAN;Pemerintah Kota Tangerang Selatan;daerah;;
PEMPROV-BENGKULU;Pemerintah Provinsi Bengkulu;daerah;;
PEMKAB-KABBENGKULUSELATAN;Pemerintah Kabupaten Bengkulu Selatan;daerah;;
PEMKAB-KABBENGKULUTENGAH;Pemerintah Kabupaten Bengkulu Tengah;daerah;;
PEMKAB-KABBENGKULUUTARA;Pemerintah Kabupaten Bengkulu Utara;daerah;;
PEMKAB-KABKAUR;Pemerintah Kabupaten Kaur;daerah;;
PEMKAB-KABKEPAHIANG;Pemerintah Kabupaten Kepahiang;daerah;;
PEMKAB-KABLEBONG;Pemerintah Kabupaten Lebong;daerah;;
PEMKAB-KABMUKOMUKO;Pemerintah Kabupaten Mukomuko;daerah;;
PEMKAB-KABREJANGLEBONG;Pemerintah Kabupaten Rejang Lebong;daerah;;
PEMKAB-KABSELUMA;Pemerintah Kabupaten Seluma;daerah;;
PEMKOT-KOTABENGKULU;Pemerintah Kota Bengkulu;daerah;;
PEMPROV-DIYOGYAKARTA;Pemerintah Provinsi DI Yogyakarta;daerah;;
PEMKAB-KABBANTUL;Pemerintah Kabupaten Bantul;daerah;;
PEMKAB-KABGUNUNGKIDUL;Pemerintah Kabupaten Gunung Kidul;daerah;;
PEMKAB-KABKULONPROGO;Pemerintah Kabupaten Kulon Progo;daerah;;
PEMKAB-KABSLEMAN;Pemerintah Kabupaten Sleman;daerah;;
PEMKOT-KOTAYOGYAKARTA;Pemerintah Kota Yogyakarta;daerah;;
PEMPROV-DKIJAKARTA;Pemerintah Provinsi DKI Jakarta;daerah;;
PEMKAB-KABKEPULAUANSERIBU;Pemerintah Kabupaten Kepulauan Seribu;daerah;;
PEMKOT-KOTAJAKARTABARAT;Pemerintah Kota Jakarta Barat;daerah;;
PEMKOT-KOTAJAKARTAPUSAT;Pemerintah Kota Jakarta Pusat;daerah;;
PEMKOT-KOTAJAKARTASELATAN;Pemerintah Kota Jakarta Selatan;daerah;;
PEMKOT-KOTAJAKARTATIMUR;Pemerintah Kota Jakarta Timur;daerah;;
PEMKOT-KOTAJAKARTAUTARA;Pemerintah Kota Jakarta Utara;daerah;;
PEMPROV-GORONTALO;Pemerintah Provinsi Gorontalo;daerah;;
PEMKAB-KABBOALEMO;Pemerintah Kabupaten Boalemo;daerah;;
PEMKAB-KABBONEBOLANGO;Pemerintah Kabupaten Bone Bolango;daerah;;
PEMKAB-KABGORONTALO;Pemerintah Kabupaten Gorontalo;daerah;;
PEMKAB-KABGORONTALOUTARA;Pemerintah Kabupaten Gorontalo Utara;daerah;;
PEMKAB-KABPOHUWATO;Pemerintah Kabupaten Pohuwato;daerah;;
PEMKOT-KOTAGORONTALO;Pemerintah Kota Gorontalo;daerah;;
PEMPROV-JAMBI;Pemerintah Provinsi Jambi;daerah;;
PEMKAB-KABBATANGHARI;Pemerintah Kabupaten Batang Hari;daerah;;
PEMKAB-KABBUNGO;Pemerintah Kabupaten Bungo;daerah;;
PEMKAB-KABKERINCI;Pemerintah Kabupaten Kerinci;daerah;;
PEMKAB-KABMERANGIN;Pemerintah Kabupaten Merangin;daerah;;
PEMKAB-KABMUAROJAMBI;Pemerintah Kabupaten Muaro Jambi;daerah;;
PEMKAB-KABSAROLANGUN;Pemerintah Kabupaten Sarolangun;daerah;;
PEMKAB-KABTANJUNGJABUNGBARAT;Pemerintah Kabupaten Tanjung Jabung Barat;daerah;;
PEMKAB-KABTANJUNGJABUNGTIMUR;Pemerintah Kabupaten Tanjung Jabung Timur;daerah;;
PEMKAB-KABTEBO;Pemerintah Kabupaten Tebo;daerah;;
PEMKOT-KOTAJAMBI;Pemerintah Kota Jambi;daerah;;
PEMKOT-KOTASUNGAIPENUH;Pemerintah Kota Sungai Penuh;daerah;;
PEMPROV-JAWABARAT;Pemerintah Provinsi Jawa Barat;daerah;;
PEMKAB-KABBANDUNG;Pemerintah Kabupaten Bandung;daerah;;
PEMKAB-KABBANDUNGBARAT;Pemerintah Kabupaten Bandung Barat;daerah;;
PEMKAB-KABBEKASI;Pemerintah Kabupaten Bekasi;daerah;;
PEMKAB-KABBOGOR;Pemerintah Kabupaten Bogor;daerah;;
PEMKAB-KABCIAMIS;Pemerintah Kabupaten Ciamis;daerah;;
PEMKAB-KABCIANJUR;Pemerintah Kabupaten Cianjur;daerah;;
PEMKAB-KABCIREBON;Pemerintah Kabupaten Cirebon;daerah;;
PEMKAB-KABGARUT;Pemerintah Kabupaten Garut;daerah;;
PEMKAB-KABINDRAMAYU;Pemerintah Kabupaten Indramayu;daerah;;
PEMKAB-KABKARAWANG;Pemerintah Kabupaten Karawang;daerah;;
PEMKAB-KABKUNINGAN;Pemerintah Kabupaten Kuningan;daerah;;
PEMKAB-KABMAJALENGKA;Pemerintah Kabupaten Majalengka;daerah;;
PEMKAB-KABPANGANDARAN;Pemerintah Kabupaten Pangandaran;daerah;;
PEMKAB-KABPURWAKARTA;Pemerintah Kabupaten Purwakarta;daerah;;
PEMKAB-KABSUBANG;Pemerintah Kabupaten Subang;daerah;;
PEMKAB-KABSUKABUMI;Pemerintah Kabupaten Sukabumi;daerah;;
PEMKAB-KABSUMEDANG;Pemerintah Kabupaten Sumedang;daerah;;
PEMKAB-KABTASIKMALAYA;Pemerintah Kabupaten Tasikmalaya;daerah;;
PEMKOT-KOTABANDUNG;Pemerintah Kota Bandung;daerah;;
PEMKOT-KOTABANJAR;Pemerintah Kota Banjar;daerah;;
PEMKOT-KOTABEKASI;Pemerintah Kota Bekasi;daerah;;
PEMKOT-KOTABOGOR;Pemerintah Kota Bogor;daerah;;
PEMKOT-KOTACIMAHI;Pemerintah Kota Cimahi;daerah;;
PEMKOT-KOTACIREBON;Pemerintah Kota Cirebon;daerah;;
PEMKOT-KOTADEPOK;Pemerintah Kota Depok;daerah;;
PEMKOT-KOTASUKABUMI;Pemerintah Kota Sukabumi;daerah;;
PEMKOT-KOTATASIKMALAYA;Pemerintah Kota Tasikmalaya;daerah;;
PEMPROV-JAWATENGAH;Pemerintah Provinsi Jawa Tengah;daerah;;
PEMKAB-KABBANJARNEGARA;Pemerintah Kabupaten Banjarnegara;daerah;;
PEMKAB-KABBANYUMAS;Pemerintah Kabupaten Banyumas;daerah;;
PEMKAB-KABBATANG;Pemerintah Kabupaten Batang;daerah;;
PEMKAB-KABBLORA;Pemerintah Kabupaten Blora;daerah;;
PEMKAB-KABBOYOLALI;Pemerintah Kabupaten Boyolali;daerah;;
PEMKAB-KABBREBES;Pemerintah Kabupaten Brebes;daerah;;
PEMKAB-KABCILACAP;Pemerintah Kabupaten Cilacap;daerah;;
PEMKAB-KABDEMAK;Pemerintah Kabupaten Demak;daerah;;
PEMKAB-KABGROBOGAN;Pemerintah Kabupaten Grobogan;daerah;;
PEMKAB-KABJEPARA;Pemerintah Kabupaten Jepara;daerah;;
PEMKAB-KABKARANGANYAR;Pemerintah Kabupaten Karanganyar;daerah;;
PEMKAB-KABKEBUMEN;Pemerintah Kabupaten Kebumen;daerah;;
PEMKAB-KABKENDAL;Pemerintah Kabupaten Kendal;daerah;;
PEMKAB-KABKLATEN;Pemerintah Kabupaten Klaten;daerah;;
PEMKAB-KABKUDUS;Pemerintah Kabupaten Kudus;daerah;;
PEMKAB-KABMAGELANG;Pemerintah Kabupaten Magelang;daerah;;
PEMKAB-KABPATI;Pemerintah Kabupaten Pati;daerah;;
PEMKAB-KABPEKALONGAN;Pemerintah Kabupaten Pekalongan;daerah;;
PEMKAB-KABPEMALANG;Pemerintah Kabupaten Pemalang;daerah;;
PEMKAB-KABPURBALINGGA;Pemerintah Kabupaten Purbalingga;daerah;;
PEMKAB-KABPURWOREJO;Pemerintah Kabupaten Purworejo;daerah;;
PEMKAB-KABREMBANG;Pemerintah Kabupaten Rembang;daerah;;
PEMKAB-KABSEMARANG;Pemerintah Kabupaten Semarang;daerah;;
PEMKAB-KABSRAGEN;Pemerintah Kabupaten Sragen;daerah;;
PEMKAB-KABSUKOHARJO;Pemerintah Kabupaten Sukoharjo;daerah;;
PEMKAB-KABTEGAL;Pemerintah Kabupaten Tegal;daerah;;
PEMKAB-KABTEMANGGUNG;Pemerintah Kabupaten Temanggung;daerah;;
PEMKAB-KABWONOGIRI;Pemerintah Kabupaten Wonogiri;daerah;;
PEMKAB-KABWONOSOBO;Pemerintah Kabupaten Wonosobo;daerah;;
PEMKOT-KOTAMAGELANG;Pemerintah Kota Magelang;daerah;;
PEMKOT-KOTAPEKALONGAN;Pemerintah Kota Pekalongan;daerah;;
PEMKOT-KOTASALATIGA;Pemerintah Kota Salatiga;daerah;;
PEMKOT-KOTASEMARANG;Pemerintah Kota Semarang;daerah;;
PEMKOT-KOTASURAKARTA;Pemerintah Kota Surakarta;daerah;;
PEMKOT-KOTATEGAL;Pemerintah Kota Tegal;daerah;;
PEMPROV-JAWATIMUR;Pemerintah Provinsi Jawa Timur;daerah;;
PEMKAB-KABBANGKALAN;Pemerintah Kabupaten Bangkalan;daerah;;
PEMKAB-KABBANYUWANGI;Pemerintah Kabupaten Banyuwangi;daerah;;
PEMKAB-KABBLITAR;Pemerintah Kabupaten Blitar;daerah;;
PEMKAB-KABBOJONEGORO;Pemerintah Kabupaten Bojonegoro;daerah;;
PEMKAB-KABBONDOWOSO;Pemerintah Kabupaten Bondowoso;daerah;;
PEMKAB-KABGRESIK;Pemerintah Kabupaten Gresik;daerah;;
PEMKAB-KABJEMBER;Pemerintah Kabupaten Jember;daerah;;
PEMKAB-KABJOMBANG;Pemerintah Kabupaten Jombang;daerah;;
PEMKAB-KABKEDIRI;Pemerintah Kabupaten Kediri;daerah;;
PEMKAB-KABLAMONGAN;Pemerintah Kabupaten Lamongan;daerah;;
PEMKAB-KABLUMAJANG;Pemerintah Kabupaten Lumajang;daerah;;
PEMKAB-KABMADIUN;Pemerintah Kabupaten Madiun;daerah;;
PEMKAB-KABMAGETAN;Pemerintah Kabupaten Magetan;daerah;;
PEMKAB-KABMALANG;Pemerintah Kabupaten Malang;daerah;;
PEMKAB-KABMOJOKERTO;Pemerintah Kabupaten Mojokerto;daerah;;
PEMKAB-KABNGANJUK;Pemerintah Kabupaten Nganjuk;daerah;;
PEMKAB-KABNGAWI;Pemerintah Kabupaten Ngawi;daerah;;
PEMKAB-KABPACITAN;Pemerintah Kabupaten Pacitan;daerah;;
PEMKAB-KABPAMEKASAN;Pemerintah Kabupaten Pamekasan;daerah;;
PEMKAB-KABPASURUAN;Pemerintah Kabupaten Pasuruan;daerah;;
PEMKAB-KABPONOROGO;Pemerintah Kabupaten Ponorogo;daerah;;
PEMKAB-KABPROBOLINGGO;Pemerintah Kabupaten Probolinggo;daerah;;
PEMKAB-KABSAMPANG;Pemerintah Kabupaten Sampang;daerah;;
PEMKAB-KABSIDOARJO;Pemerintah Kabupaten Sidoarjo;daerah;;
PEMKAB-KABSITUBONDO;Pemerintah Kabupaten Situbondo;daerah;;
PEMKAB-KABSUMENEP;Pemerintah Kabupaten Sumenep;daerah;;
PEMKAB-KABTRENGGALEK;Pemerintah Kabupaten Trenggalek;daerah;;
PEMKAB-KABTUBAN;Pemerintah Kabupaten Tuban;daerah;;
PEMKAB-KABTULUNGAGUNG;Pemerintah Kabupaten Tulungagung;daerah;;
PEMKOT-KOTABATU;Pemerintah Kota Batu;daerah;;
PEMKOT-KOTABLITAR;Pemerintah Kota Blitar;daerah;;
PEMKOT-KOTAKEDIRI;Pemerintah Kota Kediri;daerah;;
PEMKOT-KOTAMADIUN;Pemerintah Kota Madiun;daerah;;
PEMKOT-KOTAMALANG;Pemerintah Kota Malang;daerah;;
PEMKOT-KOTAMOJOKERTO;Pemerintah Kota Mojokerto;daerah;;
PEMKOT-KOTAPASURUAN;Pemerintah Kota Pasuruan;daerah;;
PEMKOT-KOTAPROBOLINGGO;Pemerintah Kota Probolinggo;daerah;;
PEMKOT-KOTASURABAYA;Pemerintah Kota Surabaya;daerah;;
PEMPROV-KALIMANTANBARAT;Pemerintah Provinsi Kalimantan Barat;daerah;;
PEMKAB-KABBENGKAYANG;Pemerintah Kabupaten Bengkayang;daerah;;
PEMKAB-KABKAPUASHULU;Pemerintah Kabupaten Kapuas Hulu;daerah;;
PEMKAB-KABKAYONGUTARA;Pemerintah Kabupaten Kayong Utara;daerah;;
PEMKAB-KABKETAPANG;Pemerintah Kabupaten Ketapang;daerah;;
PEMKAB-KABKUBURAYA;Pemerintah Kabupaten Kubu Raya;daerah;;
PEMKAB-KABLANDAK;Pemerintah Kabupaten Landak;daerah;;
PEMKAB-KABMELAWI;Pemerintah Kabupaten Melawi;daerah;;
PEMKAB-KABMEMPAWAH;Pemerintah Kabupaten Mempawah;daerah;;
PEMKAB-KABSAMBAS;Pemerintah Kabupaten Sambas;daerah;;
PEMKAB-KABSANGGAU;Pemerintah Kabupaten Sanggau;daerah;;
PEMKAB-KABSEKADAU;Pemerintah Kabupaten Sekadau;daerah;;
PEMKAB-KABSINTANG;Pemerintah Kabupaten Sintang;daerah;;
PEMKOT-KOTAPONTIANAK;Pemerintah Kota Pontianak;daerah;;
PEMKOT-KOTASINGKAWANG;Pemerintah Kota Singkawang;daerah;;
PEMPROV-KALIMANTANSELATAN;Pemerintah Provinsi Kalimantan Selatan;daerah;;
PEMKAB-KABBALANGAN;Pemerintah Kabupaten Balangan;daerah;;
PEMKAB-KABBANJAR;Pemerintah Kabupaten Banjar;daerah;;
PEMKAB-KABBARITOKUALA;Pemerintah Kabupaten Barito Kuala;daerah;;
PEMKAB-KABHULUSUNGAISELATAN;Pemerintah Kabupaten Hulu Sungai Selatan;daerah;;
PEMKAB-KABHULUSUNGAITENGAH;Pemerintah Kabupaten Hulu Sungai Tengah;daerah;;
PEMKAB-KABHULUSUNGAIUTARA;Pemerintah Kabupaten Hulu Sungai Utara;daerah;;
PEMKAB-KABKOTABARU;Pemerintah Kabupaten Kota Baru;daerah;;
PEMKAB-KABTABALONG;Pemerintah Kabupaten Tabalong;daerah;;
PEMKAB-KABTANAHBUMBU;Pemerintah Kabupaten Tanah Bumbu;daerah;;
PEMKAB-KABTANAHLAUT;Pemerintah Kabupaten Tanah Laut;daerah;;
PEMKAB-KABTAPIN;Pemerintah Kabupaten Tapin;daerah;;
PEMKOT-KOTABANJARBARU;Pemerintah Kota Banjar Baru;daerah;;
PEMKOT-KOTABANJARMASIN;Pemerintah Kota Banjarmasin;daerah;;
PEMPROV-KALIMANTANTENGAH;Pemerintah Provinsi Kalimantan Tengah;daerah;;
PEMKAB-KABBARITOSELATAN;Pemerintah Kabupaten Barito Selatan;daerah;;
PEMKAB-KABBARITOTIMUR;Pemerintah Kabupaten Barito Timur;daerah;;
PEMKAB-KABBARITOUTARA;Pemerintah Kabupaten Barito Utara;daerah;;
PEMKAB-KABGUNUNGMAS;Pemerintah Kabupaten Gunung Mas;daerah;;
PEMKAB-KABKAPUAS;Pemerintah Kabupaten Kapuas;daerah;;
PEMKAB-KABKATINGAN;Pemerintah Kabupaten Katingan;daerah;;
PEMKAB-KABKOTAWARINGINBARAT;Pemerintah Kabupaten Kotawaringin Barat;daerah;;
PEMKAB-KABKOTAWARINGINTIMUR;Pemerintah Kabupaten Kotawaringin Timur;daerah;;
PEMKAB-KABLAMANDAU;Pemerintah Kabupaten Lamandau;daerah;;
PEMKAB-KABMURUNGRAYA;Pemerintah Kabupaten Murung Raya;daerah;;
PEMKAB-KABPULANGPISAU;Pemerintah Kabupaten Pulang Pisau;daerah;;
PEMKAB-KABSERUYAN;Pemerintah Kabupaten Seruyan;daerah;;
PEMKAB-KABSUKAMARA;Pemerintah Kabupaten Sukamara;daerah;;
PEMKOT-KOTAPALANGKARAYA;Pemerintah Kota Palangka Raya;daerah;;
PEMPROV-KALIMANTANTIMUR;Pemerintah Provinsi Kalimantan Timur;daerah;;
PEMKAB-KABBERAU;Pemerintah Kabupaten Berau;daerah;;
PEMKAB-KABKUTAIBARAT;Pemerintah Kabupaten Kutai Barat;daerah;;
PEMKAB-KABKUTAIKARTANEGARA;Pemerintah Kabupaten Kutai Kartanegara;daerah;;
PEMKAB-KABKUTAITIMUR;Pemerintah Kabupaten Kutai Timur;daerah;;
PEMKAB-KABMAHAKAMHULU;Pemerintah Kabupaten Mahakam Hulu;daerah;;
PEMKAB-KABPASER;Pemerintah Kabupaten Paser;daerah;;
PEMKAB-KABPENAJAMPASERUTARA;Pemerintah Kabupaten Penajam Paser Utara;daerah;;
PEMKOT-KOTABALIKPAPAN;Pemerintah Kota Balikpapan;daerah;;
PEMKOT-KOTABONTANG;Pemerintah Kota Bontang;daerah;;
PEMKOT-KOTASAMARINDA;Pemerintah Kota Samarinda;daerah;;
PEMPROV-KALIMANTANUTARA;Pemerintah Provinsi Kalimantan Utara;daerah;;
PEMKAB-KABBULUNGAN;Pemerintah Kabupaten Bulungan;daerah;;
PEMKAB-KABMALINAU;Pemerintah Kabupaten Malinau;daerah;;
PEMKAB-KABNUNUKAN;Pemerintah Kabupaten Nunukan;daerah;;
PEMKAB-KABTANATIDUNG;Pemerintah Kabupaten Tana Tidung;daerah;;
PEMKOT-KOTATARAKAN;Pemerintah Kota Tarakan;daerah;;
PEMPROV-KEPULAUANBANGKABELIT;Pemerintah Provinsi Kepulauan Bangka Belitung;daerah;;
PEMKAB-KABBANGKA;Pemerintah Kabupaten Bangka;daerah;;
PEMKAB-KABBANGKABARAT;Pemerintah Kabupaten Bangka Barat;daerah;;
PEMKAB-KABBANGKASELATAN;Pemerintah Kabupaten Bangka Selatan;daerah;;
PEMKAB-KABBANGKATENGAH;Pemerintah Kabupaten Bangka Tengah;daerah;;
PEMKAB-KABBELITUNG;Pemerintah Kabupaten Belitung;daerah;;
PEMKAB-KABBELITUNGTIMUR;Pemerintah Kabupaten Belitung Timur;daerah;;
PEMKOT-KOTAPANGKALPINANG;Pemerintah Kota Pangkal Pinang;daerah;;
PEMPROV-KEPULAUANRIAU;Pemerintah Provinsi Kepulauan Riau;daerah;;
PEMKAB-KABBINTAN;Pemerintah Kabupaten Bintan;daerah;;
PEMKAB-KABKARIMUN;Pemerintah Kabupaten Karimun;daerah;;
PEMKAB-KABKEPULAUANANAMBAS;Pemerintah Kabupaten Kepulauan Anambas;daerah;;
PEMKAB-KABLINGGA;Pemerintah Kabupaten Lingga;daerah;;
PEMKAB-KABNATUNA;Pemerintah Kabupaten Natuna;daerah;;
PEMKOT-KOTABATAM;Pemerintah Kota B A T A M;daerah;;
PEMKOT-KOTATANJUNGPINANG;Pemerintah Kota Tanjung Pinang;daerah;;
PEMPROV-LAMPUNG;Pemerintah Provinsi Lampung;daerah;;
PEMKAB-KABLAMPUNGBARAT;Pemerintah Kabupaten Lampung Barat;daerah;;
PEMKAB-KABLAMPUNGSELATAN;Pemerintah Kabupaten Lampung Selatan;daerah;;
PEMKAB-KABLAMPUNGTENGAH;Pemerintah Kabupaten Lampung Tengah;daerah;;
PEMKAB-KABLAMPUNGTIMUR;Pemerintah Kabupaten Lampung Timur;daerah;;
PEMKAB-KABLAMPUNGUTARA;Pemerintah Kabupaten Lampung Utara;daerah;;
PEMKAB-KABMESUJI;Pemerintah Kabupaten Mesuji;daerah;;
PEMKAB-KABPESAWARAN;Pemerintah Kabupaten Pesawaran;daerah;;
PEMKAB-KABPESISIRBARAT;Pemerintah Kabupaten Pesisir Barat;daerah;;
PEMKAB-KABPRINGSEWU;Pemerintah Kabupaten Pringsewu;daerah;;
PEMKAB-KABTANGGAMUS;Pemerintah Kabupaten Tanggamus;daerah;;
PEMKAB-KABTULANGBAWANGBARAT;Pemerintah Kabupaten Tulang Bawang Barat;daerah;;
PEMKAB-KABTULANGBAWANG;Pemerintah Kabupaten Tulangbawang;daerah;;
PEMKAB-KABWAYKANAN;Pemerintah Kabupaten Way Kanan;daerah;;
PEMKOT-KOTABANDARLAMPUNG;Pemerintah Kota Bandar Lampung;daerah;;
PEMKOT-KOTAMETRO;Pemerintah Kota Metro;daerah;;
PEMPROV-MALUKU;Pemerintah Provinsi Maluku;daerah;;
PEMKAB-KABBURU;Pemerintah Kabupaten Buru;daerah;;
PEMKAB-KABBURUSELATAN;Pemerintah Kabupaten Buru Selatan;daerah;;
PEMKAB-KABKEPULAUANARU;Pemerintah Kabupaten Kepulauan Aru;daerah;;
PEMKAB-KABMALUKUBARATDAYA;Pemerintah Kabupaten Maluku Barat Daya;daerah;;
PEMKAB-KABMALUKUTENGAH;Pemerintah Kabupaten Maluku Tengah;daerah;;
PEMKAB-KABMALUKUTENGGARA;Pemerintah Kabupaten Maluku Tenggara;daerah;;
PEMKAB-KABMALUKUTENGGARABARAT;Pemerintah Kabupaten Maluku Tenggara Barat;daerah;;
PEMKAB-KABSERAMBAGIANBARAT;Pemerintah Kabupaten Seram Bagian Barat;daerah;;
PEMKAB-KABSERAMBAGIANTIMUR;Pemerintah Kabupaten Seram Bagian Timur;daerah;;
PEMKOT-KOTAAMBON;Pemerintah Kota Ambon;daerah;;
PEMKOT-KOTATUAL;Pemerintah Kota Tual;daerah;;
PEMPROV-MALUKUUTARA;Pemerintah Provinsi Maluku Utara;daerah;;
PEMKAB-KABHALMAHERABARAT;Pemerintah Kabupaten Halmahera Barat;daerah;;
PEMKAB-KABHALMAHERASELATAN;Pemerintah Kabupaten Halmahera Selatan;daerah;;
PEMKAB-KABHALMAHERATENGAH;Pemerintah Kabupaten Halmahera Tengah;daerah;;
PEMKAB-KABHALMAHERATIMUR;Pemerintah Kabupaten Halmahera Timur;daerah;;
PEMKAB-KABHALMAHERAUTARA;Pemerintah Kabupaten Halmahera Utara;daerah;;
PEMKAB-KABKEPULAUANSULA;Pemerintah Kabupaten Kepulauan Sula;daerah;;
PEMKAB-KABPULAUMOROTAI;Pemerintah Kabupaten Pulau Morotai;daerah;;
PEMKAB-KABPULAUTALIABU;Pemerintah Kabupaten Pulau Taliabu;daerah;;
PEMKOT-KOTATERNATE;Pemerintah Kota Ternate;daerah;;
PEMKOT-KOTATIDOREKEPULAUAN;Pemerintah Kota Tidore Kepulauan;daerah;;
PEMPROV-NUSATENGGARABARAT;Pemerintah Provinsi Nusa Tenggara Barat;daerah;;
PEMKAB-KABBIMA;Pemerintah Kabupaten Bima;daerah;;
PEMKAB-KABDOMPU;Pemerintah Kabupaten Dompu;daerah;;
PEMKAB-KABLOMBOKBARAT;Pemerintah Kabupaten Lombok Barat;daerah;;
PEMKAB-KABLOMBOKTENGAH;Pemerintah Kabupaten Lombok Tengah;daerah;;
PEMKAB-KABLOMBOKTIMUR;Pemerintah Kabupaten Lombok Timur;daerah;;
PEMKAB-KABLOMBOKUTARA;Pemerintah Kabupaten Lombok Utara;daerah;;
PEMKAB-KABSUMBAWA;Pemerintah Kabupaten Sumbawa;daerah;;
PEMKAB-KABSUMBAWABARAT;Pemerintah Kabupaten Sumbawa Barat;daerah;;
PEMKOT-KOTABIMA;Pemerintah Kota Bima;daerah;;
PEMKOT-KOTAMATARAM;Pemerintah Kota Mataram;daerah;;
PEMPROV-NUSATENGGARATIMUR;Pemerintah Provinsi Nusa Tenggara Timur;daerah;;
PEMKAB-KABALOR;Pemerintah Kabupaten Alor;daerah;;
PEMKAB-KABBELU;Pemerintah Kabupaten Belu;daerah;;
PEMKAB-KABENDE;Pemerintah Kabupaten Ende;daerah;;
PEMKAB-KABFLORESTIMUR;Pemerintah Kabupaten Flores Timur;daerah;;
PEMKAB-KABKUPANG;Pemerintah Kabupaten Kupang;daerah;;
PEMKAB-KABLEMBATA;Pemerintah Kabupaten Lembata;daerah;;
PEMKAB-KABMALAKA;Pemerintah Kabupaten Malaka;daerah;;
PEMKAB-KABMANGGARAI;Pemerintah Kabupaten Manggarai;daerah;;
PEMKAB-KABMANGGARAIBARAT;Pemerintah Kabupaten Manggarai Barat;daerah;;
PEMKAB-KABMANGGARAITIMUR;Pemerintah Kabupaten Manggarai Timur;daerah;;
PEMKAB-KABNAGEKEO;Pemerintah Kabupaten Nagekeo;daerah;;
PEMKAB-KABNGADA;Pemerintah Kabupaten Ngada;daerah;;
PEMKAB-KABROTENDAO;Pemerintah Kabupaten Rote Ndao;daerah;;
PEMKAB-KABSABURAIJUA;Pemerintah Kabupaten Sabu Raijua;daerah;;
PEMKAB-KABSIKKA;Pemerintah Kabupaten Sikka;daerah;;
PEMKAB-KABSUMBABARAT;Pemerintah Kabupaten Sumba Barat;daerah;;
PEMKAB-KABSUMBABARATDAYA;Pemerintah Kabupaten Sumba Barat Daya;daerah;;
PEMKAB-KABSUMBATENGAH;Pemerintah Kabupaten Sumba Tengah;daerah;;
PEMKAB-KABSUMBATIMUR;Pemerintah Kabupaten Sumba Timur;daerah;;
PEMKAB-KABTIMORTENGAHSELATAN;Pemerintah Kabupaten Timor Tengah Selatan;daerah;;
PEMKAB-KABTIMORTENGAHUTARA;Pemerintah Kabupaten Timor Tengah Utara;daerah;;
PEMKOT-KOTAKUPANG;Pemerintah Kota Kupang;daerah;;
PEMPROV-PAPUA;Pemerintah Provinsi Papua;daerah;;
PEMKAB-KABASMAT;Pemerintah Kabupaten Asmat;daerah;;
PEMKAB-KABBIAKNUMFOR;Pemerintah Kabupaten Biak Numfor;daerah;;
PEMKAB-KABBOVENDIGOEL;Pemerintah Kabupaten Boven Digoel;daerah;;
PEMKAB-KABDEIYAI;Pemerintah Kabupaten Deiyai;daerah;;
PEMKAB-KABDOGIYAI;Pemerintah Kabupaten Dogiyai;daerah;;
PEMKAB-KABINTANJAYA;Pemerintah Kabupaten Intan Jaya;daerah;;
PEMKAB-KABJAYAPURA;Pemerintah Kabupaten Jayapura;daerah;;
PEMKAB-KABJAYAWIJAYA;Pemerintah Kabupaten Jayawijaya;daerah;;
PEMKAB-KABKEEROM;Pemerintah Kabupaten Keerom;daerah;;
PEMKAB-KABKEPULAUANYAPEN;Pemerintah Kabupaten Kepulauan Yapen;daerah;;
PEMKAB-KABLANNYJAYA;Pemerintah Kabupaten Lanny Jaya;daerah;;
PEMKAB-KABMAMBERAMORAYA;Pemerintah Kabupaten Mamberamo Raya;daerah;;
PEMKAB-KABMAMBERAMOTENGAH;Pemerintah Kabupaten Mamberamo Tengah;daerah;;
PEMKAB-KABMAPPI;Pemerintah Kabupaten Mappi;daerah;;
PEMKAB-KABMERAUKE;Pemerintah Kabupaten Merauke;daerah;;
PEMKAB-KABMIMIKA;Pemerintah Kabupaten Mimika;daerah;;
PEMKAB-KABNABIRE;Pemerintah Kabupaten Nabire;daerah;;
PEMKAB-KABNDUGA;Pemerintah Kabupaten Nduga;daerah;;
PEMKAB-KABPANIAI;Pemerintah Kabupaten Paniai;daerah;;
PEMKAB-KABPEGUNUNGANBINTANG;Pemerintah Kabupaten Pegunungan Bintang;daerah;;
PEMKAB-KABPUNCAK;Pemerintah Kabupaten Puncak;daerah;;
PEMKAB-KABPUNCAKJAYA;Pemerintah Kabupaten Puncak Jaya;daerah;;
PEMKAB-KABSARMI;Pemerintah Kabupaten Sarmi;daerah;;
PEMKAB-KABSUPIORI;Pemerintah Kabupaten Supiori;daerah;;
PEMKAB-KABTOLIKARA;Pemerintah Kabupaten Tolikara;daerah;;
PEMKAB-KABWAROPEN;Pemerintah Kabupaten Waropen;daerah;;
PEMKAB-KABYAHUKIMO;Pemerintah Kabupaten Yahukimo;daerah;;
PEMKAB-KABYALIMO;Pemerintah Kabupaten Yalimo;daerah;;
PEMKOT-KOTAJAYAPURA;Pemerintah Kota Jayapura;daerah;;
PEMPROV-PAPUABARAT;Pemerintah Provinsi Papua Barat;daerah;;
PEMKAB-KABFAKFAK;Pemerintah Kabupaten Fakfak;daerah;;
PEMKAB-KABKAIMANA;Pemerintah Kabupaten Kaimana;daerah;;
PEMKAB-KABMANOKWARI;Pemerintah Kabupaten Manokwari;daerah;;
PEMKAB-KABMANOKWARISELATAN;Pemerintah Kabupaten Manokwari Selatan;daerah;;
PEMKAB-KABMAYBRAT;Pemerintah Kabupaten Maybrat;daerah;;
PEMKAB-KABPEGUNUNGANARFAK;Pemerintah Kabupaten Pegunungan Arfak;daerah;;
PEMKAB-KABRAJAAMPAT;Pemerintah Kabupaten Raja Ampat;daerah;;
PEMKAB-KABSORONG;Pemerintah Kabupaten Sorong;daerah;;
PEMKAB-KABSORONGSELATAN;Pemerintah Kabupaten Sorong Selatan;daerah;;
PEMKAB-KABTAMBRAUW;Pemerintah Kabupaten Tambrauw;daerah;;
PEMKAB-KABTELUKBINTUNI;Pemerintah Kabupaten Teluk Bintuni;daerah;;
PEMKAB-KABTELUKWONDAMA;Pemerintah Kabupaten Teluk Wondama;daerah;;
PEMKOT-KOTASORONG;Pemerintah Kota Sorong;daerah;;
PEMPROV-RIAU;Pemerintah Provinsi Riau;daerah;;
PEMKAB-KABBENGKALIS;Pemerintah Kabupaten Bengkalis;daerah;;
PEMKAB-KABINDRAGIRIHILIR;Pemerintah Kabupaten Indragiri Hilir;daerah;;
PEMKAB-KABINDRAGIRIHULU;Pemerintah Kabupaten Indragiri Hulu;daerah;;
PEMKAB-KABKAMPAR;Pemerintah Kabupaten Kampar;daerah;;
PEMKAB-KABKEPULAUANMERANTI;Pemerintah Kabupaten Kepulauan Meranti;daerah;;
PEMKAB-KABKUANTANSINGINGI;Pemerintah Kabupaten Kuantan Singingi;daerah;;
PEMKAB-KABPELALAWAN;Pemerintah Kabupaten Pelalawan;daerah;;
PEMKAB-KABROKANHILIR;Pemerintah Kabupaten Rokan Hilir;daerah;;
PEMKAB-KABROKANHULU;Pemerintah Kabupaten Rokan Hulu;daerah;;
PEMKAB-KABSIAK;Pemerintah Kabupaten S I A K;daerah;;
PEMKOT-KOTADUMAI;Pemerintah Kota D U M A I;daerah;;
PEMKOT-KOTAPEKANBARU;Pemerintah Kota Pekanbaru;daerah;;
PEMPROV-SULAWESIBARAT;Pemerintah Provinsi Sulawesi Barat;daerah;;
PEMKAB-KABMAJENE;Pemerintah Kabupaten Majene;daerah;;
PEMKAB-KABMAMASA;Pemerintah Kabupaten Mamasa;daerah;;
PEMKAB-KABMAMUJU;Pemerintah Kabupaten Mamuju;daerah;;
PEMKAB-KABMAMUJUTENGAH;Pemerintah Kabupaten Mamuju Tengah;daerah;;
PEMKAB-KABMAMUJUUTARA;Pemerintah Kabupaten Mamuju Utara;daerah;;
PEMKAB-KABPOLEWALIMANDAR;Pemerintah Kabupaten Polewali Mandar;daerah;;
PEMPROV-SULAWESISELATAN;Pemerintah Provinsi Sulawesi Selatan;daerah;;
PEMKAB-KABBANTAENG;Pemerintah Kabupaten Bantaeng;daerah;;
PEMKAB-KABBARRU;Pemerintah Kabupaten Barru;daerah;;
PEMKAB-KABBONE;Pemerintah Kabupaten Bone;daerah;;
PEMKAB-KABBULUKUMBA;Pemerintah Kabupaten Bulukumba;daerah;;
PEMKAB-KABENREKANG;Pemerintah Kabupaten Enrekang;daerah;;
PEMKAB-KABGOWA;Pemerintah Kabupaten Gowa;daerah;;
PEMKAB-KABJENEPONTO;Pemerintah Kabupaten Jeneponto;daerah;;
PEMKAB-KABKEPULAUANSELAYAR;Pemerintah Kabupaten Kepulauan Selayar;daerah;;
PEMKAB-KABLUWU;Pemerintah Kabupaten Luwu;daerah;;
PEMKAB-KABLUWUTIMUR;Pemerintah Kabupaten Luwu Timur;daerah;;
PEMKAB-KABLUWUUTARA;Pemerintah Kabupaten Luwu Utara;daerah;;
PEMKAB-KABMAROS;Pemerintah Kabupaten Maros;daerah;;
PEMKAB-KABPANGKAJENEDANKEPULAUA;Pemerintah Kabupaten Pangkajene Dan Kepulauan;daerah;;
PEMKAB-KABPINRANG;Pemerintah Kabupaten Pinrang;daerah;;
PEMKAB-KABSIDENRENGRAPPANG;Pemerintah Kabupaten Sidenreng Rappang;daerah;;
PEMKAB-KABSINJAI;Pemerintah Kabupaten Sinjai;daerah;;
PEMKAB-KABSOPPENG;Pemerintah Kabupaten Soppeng;daerah;;
PEMKAB-KABTAKALAR;Pemerintah Kabupaten Takalar;daerah;;
PEMKAB-KABTANATORAJA;Pemerintah Kabupaten Tana Toraja;daerah;;
PEMKAB-KABTORAJAUTARA;Pemerintah Kabupaten Toraja Utara;daerah;;
PEMKAB-KABWAJO;Pemerintah Kabupaten Wajo;daerah;;
PEMKOT-KOTAMAKASSAR;Pemerintah Kota Makassar;daerah;;
PEMKOT-KOTAPALOPO;Pemerintah Kota Palopo;daerah;;
PEMKOT-KOTAPAREPARE;Pemerintah Kota Parepare;daerah;;
PEMPROV-SULAWESITENGAH;Pemerintah Provinsi Sulawesi Tengah;daerah;;
PEMKAB-KABBANGGAI;Pemerintah Kabupaten Banggai;daerah;;
PEMKAB-KABBANGGAIKEPULAUAN;Pemerintah Kabupaten Banggai Kepulauan;daerah;;
PEMKAB-KABBANGGAILAUT;Pemerintah Kabupaten Banggai Laut;daerah;;
PEMKAB-KABBUOL;Pemerintah Kabupaten Buol;daerah;;
PEMKAB-KABDONGGALA;Pemerintah Kabupaten Donggala;daerah;;
PEMKAB-KABMOROWALI;Pemerintah Kabupaten Morowali;daerah;;
PEMKAB-KABMOROWALIUTARA;Pemerintah Kabupaten Morowali Utara;daerah;;
PEMKAB-KABPARIGIMOUTONG;Pemerintah Kabupaten Parigi Moutong;daerah;;
PEMKAB-KABPOSO;Pemerintah Kabupaten Poso;daerah;;
PEMKAB-KABSIGI;Pemerintah Kabupaten Sigi;daerah;;
PEMKAB-KABTOJOUNAUNA;Pemerintah Kabupaten Tojo Una-una;daerah;;
PEMKAB-KABTOLITOLI;Pemerintah Kabupaten Toli-toli;daerah;;
PEMKOT-KOTAPALU;Pemerintah Kota Palu;daerah;;
PEMPROV-SULAWESITENGGARA;Pemerintah Provinsi Sulawesi Tenggara;daerah;;
PEMKAB-KABBOMBANA;Pemerintah Kabupaten Bombana;daerah;;
PEMKAB-KABBUTON;Pemerintah Kabupaten Buton;daerah;;
PEMKAB-KABBUTONSELATAN;Pemerintah Kabupaten Buton Selatan;daerah;;
PEMKAB-KABBUTONTENGAH;Pemerintah Kabupaten Buton Tengah;daerah;;
PEMKAB-KABBUTONUTARA;Pemerintah Kabupaten Buton Utara;daerah;;
PEMKAB-KABKOLAKA;Pemerintah Kabupaten Kolaka;daerah;;
PEMKAB-KABKOLAKATIMUR;Pemerintah Kabupaten Kolaka Timur;daerah;;
PEMKAB-KABKOLAKAUTARA;Pemerintah Kabupaten Kolaka Utara;daerah;;
PEMKAB-KABKONAWE;Pemerintah Kabupaten Konawe;daerah;;
PEMKAB-KABKONAWEKEPULAUAN;Pemerintah Kabupaten Konawe Kepulauan;daerah;;
PEMKAB-KABKONAWESELATAN;Pemerintah Kabupaten Konawe Selatan;daerah;;
PEMKAB-KABKONAWEUTARA;Pemerintah Kabupaten Konawe Utara;daerah;;
PEMKAB-KABMUNA;Pemerintah Kabupaten Muna;daerah;;
PEMKAB-KABMUNABARAT;Pemerintah Kabupaten Muna Barat;daerah;;
PEMKAB-KABWAKATOBI;Pemerintah Kabupaten Wakatobi;daerah;;
PEMKOT-KOTABAUBAU;Pemerintah Kota Baubau;daerah;;
PEMKOT-KOTAKENDARI;Pemerintah Kota Kendari;daerah;;
PEMPROV-SULAWESIUTARA;Pemerintah Provinsi Sulawesi Utara;daerah;;
PEMKAB-KABBOLAANGMONGONDOW;Pemerintah Kabupaten Bolaang Mongondow;daerah;;
PEMKAB-KABBOLAANGMONGONDOWSELAT;Pemerintah Kabupaten Bolaang Mongondow Selatan;daerah;;
PEMKAB-KABBOLAANGMONGONDOWTIMUR;Pemerintah Kabupaten Bolaang Mongondow Timur;daerah;;
PEMKAB-KABBOLAANGMONGONDOWUTARA;Pemerintah Kabupaten Bolaang Mongondow Utara;daerah;;
PEMKAB-KABKEPULAUANSANGIHE;Pemerintah Kabupaten Kepulauan Sangihe;daerah;;
PEMKAB-KABKEPULAUANTALAUD;Pemerintah Kabupaten Kepulauan Talaud;daerah;;
PEMKAB-KABMINAHASA;Pemerintah Kabupaten Minahasa;daerah;;
PEMKAB-KABMINAHASASELATAN;Pemerintah Kabupaten Minahasa Selatan;daerah;;
PEMKAB-KABMINAHASATENGGARA;Pemerintah Kabupaten Minahasa Tenggara;daerah;;
PEMKAB-KABMINAHASAUTARA;Pemerintah Kabupaten Minahasa Utara;daerah;;
PEMKAB-KABSIAUTAGULANDANGBIARO;Pemerintah Kabupaten Siau Tagulandang Biaro;daerah;;
PEMKOT-KOTABITUNG;Pemerintah Kota Bitung;daerah;;
PEMKOT-KOTAKOTAMOBAGU;Pemerintah Kota Kotamobagu;daerah;;
PEMKOT-KOTAMANADO;Pemerintah Kota Manado;daerah;;
PEMKOT-KOTATOMOHON;Pemerintah Kota Tomohon;daerah;;
PEMPROV-SUMATERABARAT;Pemerintah Provinsi Sumatera Barat;daerah;;
PEMKAB-KABAGAM;Pemerintah Kabupaten Agam;daerah;;
PEMKAB-KABDHARMASRAYA;Pemerintah Kabupaten Dharmasraya;daerah;;
PEMKAB-KABKEPULAUANMENTAWAI;Pemerintah Kabupaten Kepulauan Mentawai;daerah;;
PEMKAB-KABLIMAPULUHKOTA;Pemerintah Kabupaten Lima Puluh Kota;daerah;;
PEMKAB-KABPADANGPARIAMAN;Pemerintah Kabupaten Padang Pariaman;daerah;;
PEMKAB-KABPASAMAN;Pemerintah Kabupaten Pasaman;daerah;;
PEMKAB-KABPASAMANBARAT;Pemerintah Kabupaten Pasaman Barat;daerah;;
PEMKAB-KABPESISIRSELATAN;Pemerintah Kabupaten Pesisir Selatan;daerah;;
PEMKAB-KABSIJUNJUNG;Pemerintah Kabupaten Sijunjung;daerah;;
PEMKAB-KABSOLOK;Pemerintah Kabupaten Solok;daerah;;
PEMKAB-KABSOLOKSELATAN;Pemerintah Kabupaten Solok Selatan;daerah;;
PEMKAB-KABTANAHDATAR;Pemerintah Kabupaten Tanah Datar;daerah;;
PEMKOT-KOTABUKITTINGGI;Pemerintah Kota Bukittinggi;daerah;;
PEMKOT-KOTAPADANG;Pemerintah Kota Padang;daerah;;
PEMKOT-KOTAPADANGPANJANG;Pemerintah Kota Padang Panjang;daerah;;
PEMKOT-KOTAPARIAMAN;Pemerintah Kota Pariaman;daerah;;
PEMKOT-KOTAPAYAKUMBUH;Pemerintah Kota Payakumbuh;daerah;;
PEMKOT-KOTASAWAHLUNTO;Pemerintah Kota Sawah Lunto;daerah;;
PEMKOT-KOTASOLOK;Pemerintah Kota Solok;daerah;;
PEMPROV-SUMATERASELATAN;Pemerintah Provinsi Sumatera Selatan;daerah;;
PEMKAB-KABBANYUASIN;Pemerintah Kabupaten Banyu Asin;daerah;;
PEMKAB-KABEMPATLAWANG;Pemerintah Kabupaten Empat Lawang;daerah;;
PEMKAB-KABLAHAT;Pemerintah Kabupaten Lahat;daerah;;
PEMKAB-KABMUARAENIM;Pemerintah Kabupaten Muara Enim;daerah;;
PEMKAB-KABMUSIBANYUASIN;Pemerintah Kabupaten Musi Banyuasin;daerah;;
PEMKAB-KABMUSIRAWAS;Pemerintah Kabupaten Musi Rawas;daerah;;
PEMKAB-KABMUSIRAWASUTARA;Pemerintah Kabupaten Musi Rawas Utara;daerah;;
PEMKAB-KABOGANILIR;Pemerintah Kabupaten Ogan Ilir;daerah;;
PEMKAB-KABOGANKOMERINGILIR;Pemerintah Kabupaten Ogan Komering Ilir;daerah;;
PEMKAB-KABOGANKOMERINGULU;Pemerintah Kabupaten Ogan Komering Ulu;daerah;;
PEMKAB-KABOGANKOMERINGULUSELATA;Pemerintah Kabupaten Ogan Komering Ulu Selatan;daerah;;
PEMKAB-KABOGANKOMERINGULUTIMUR;Pemerintah Kabupaten Ogan Komering Ulu Timur;daerah;;
PEMKAB-KABPENUKALABABLEMATANGIL;Pemerintah Kabupaten Penukal Abab Lematang Ilir;daerah;;
PEMKOT-KOTALUBUKLINGGAU;Pemerintah Kota Lubuklinggau;daerah;;
PEMKOT-KOTAPAGARALAM;Pemerintah Kota Pagar Alam;daerah;;
PEMKOT-KOTAPALEMBANG;Pemerintah Kota Palembang;daerah;;
PEMKOT-KOTAPRABUMULIH;Pemerintah Kota Prabumulih;daerah;;
PEMPROV-SUMATERAUTARA;Pemerintah Provinsi Sumatera Utara;daerah;;
PEMKAB-KABASAHAN;Pemerintah Kabupaten Asahan;daerah;;
PEMKAB-KABBATUBARA;Pemerintah Kabupaten Batu Bara;daerah;;
PEMKAB-KABDAIRI;Pemerintah Kabupaten Dairi;daerah;;
PEMKAB-KABDELISERDANG;Pemerintah Kabupaten Deli Serdang;daerah;;
PEMKAB-KABHUMBANGHASUNDUTAN;Pemerintah Kabupaten Humbang Hasundutan;daerah;;
PEMKAB-KABKARO;Pemerintah Kabupaten Karo;daerah;;
PEMKAB-KABLABUHANBATU;Pemerintah Kabupaten Labuhan Batu;daerah;;
PEMKAB-KABLABUHANBATUSELATAN;Pemerintah Kabupaten Labuhan Batu Selatan;daerah;;
PEMKAB-KABLABUHANBATUUTARA;Pemerintah Kabupaten Labuhan Batu Utara;daerah;;
PEMKAB-KABLANGKAT;Pemerintah Kabupaten Langkat;daerah;;
PEMKAB-KABMANDAILINGNATAL;Pemerintah Kabupaten Mandailing Natal;daerah;;
PEMKAB-KABNIAS;Pemerintah Kabupaten Nias;daerah;;
PEMKAB-KABNIASBARAT;Pemerintah Kabupaten Nias Barat;daerah;;
PEMKAB-KABNIASSELATAN;Pemerintah Kabupaten Nias Selatan;daerah;;
PEMKAB-KABNIASUTARA;Pemerintah Kabupaten Nias Utara;daerah;;
PEMKAB-KABPADANGLAWAS;Pemerintah Kabupaten Padang Lawas;daerah;;
PEMKAB-KABPADANGLAWASUTARA;Pemerintah Kabupaten Padang Lawas Utara;daerah;;
PEMKAB-KABPAKPAKBHARAT;Pemerintah Kabupaten Pakpak Bharat;daerah;;
PEMKAB-KABSAMOSIR;Pemerintah Kabupaten Samosir;daerah;;
PEMKAB-KABSERDANGBEDAGAI;Pemerintah Kabupaten Serdang Bedagai;daerah;;
PEMKAB-KABSIMALUNGUN;Pemerintah Kabupaten Simalungun;daerah;;
PEMKAB-KABTAPANULISELATAN;Pemerintah Kabupaten Tapanuli Selatan;daerah;;
PEMKAB-KABTAPANULITENGAH;Pemerintah Kabupaten Tapanuli Tengah;daerah;;
PEMKAB-KABTAPANULIUTARA;Pemerintah Kabupaten Tapanuli Utara;daerah;;
PEMKAB-KABTOBASAMOSIR;Pemerintah Kabupaten Toba Samosir;daerah;;
PEMKOT-KOTABINJAI;Pemerintah Kota Binjai;daerah;;
PEMKOT-KOTAGUNUNGSITOLI;Pemerintah Kota Gunungsitoli;daerah;;
PEMKOT-KOTAMEDAN;Pemerintah Kota Medan;daerah;;
PEMKOT-KOTAPADANGSIDIMPUAN;Pemerintah Kota Padangsidimpuan;daerah;;
PEMKOT-KOTAPEMATANGSIANTAR;Pemerintah Kota Pematang Siantar;daerah;;
PEMKOT-KOTASIBOLGA;Pemerintah Kota Sibolga;daerah;;
PEMKOT-KOTATANJUNGBALAI;Pemerintah Kota Tanjung Balai;daerah;;
PEMKOT-KOTATEBINGTINGGI;Pemerintah Kota Tebing Tinggi;daerah;;
